insee,communes,constats,dept
18004,Allogny,1,18
18011,Argent-sur-Sauldre,0,18
18015,Aubigny-sur-Nère,1,18
18033,Bourges,0,18
18037,Brinon-sur-Sauldre,0,18
18064,Chéry,0,18
18067,Clémont,0,18
18070,Concressault,1,18
18087,Dun-sur-Auron,1,18
18088,Ennordres,1,18
18094,Feux,1,18
18103,Graçay,1,18
18140,Massay,0,18
18141,Mehun-sur-Yèvre,0,18
18148,Méreau,0,18
18149,Méry-ès-Bois,1,18
18159,Nançay,1,18
18165,Neuvy-sur-Barangeon,1,18
18170,Oizon,1,18
18180,Plaimpied-Givaudins,2,18
18205,Saint-Doulchard,0,18
18214,Saint-Hilaire-de-Court,0,18
18218,Saint-Just,1,18
18240,Sancergues,1,18
18247,Savigny-en-Septaine,1,18
18254,Soye-en-Septaine,2,18
18256,Subligny,1,18
18263,Thénioux,0,18
18279,Vierzon,0,18
18281,Vignoux-sur-Barangeon,0,18
18286,Villequiers,1,18
18289,Vornay,1,18
36019,Bommiers,1,36
36016,Bélâbre,1,36
36034,Chabris,0,36
36049,Chazelet,1,36
36045,Châtillon-sur-Indre,0,36
36058,Concremiers,1,36
36066,Douadic,1,36
36068,Dun-le-Poëlier,1,36
36077,Fontguenand,1,36
36088,Issoudun,1,36
36113,Martizay,1,36
36114,Mauvières,1,36
36119,Mérigny,1,36
36123,Mézières-en-Brenne,1,36
36139,Neuillay-les-Bois,1,36
36148,Oulches,0,36
36149,Palluau-sur-Indre,0,36
36168,Prissac,1,36
36194,Saint-Genou,0,36
36197,Saint-Hilaire-sur-Benaize,1,36
36204,Saint-Michel-en-Brenne,1,36
36224,Tournon-Saint-Martin,0,36
36229,Val-Fouzon,1,36
36228,Valençay,1,36
36232,Vendœuvres,1,36
36233,Vernelle,1,36
36235,Veuil,1,36
36244,Villentrois,1,36
37003,Amboise,0,37
37015,Azay-sur-Cher,0,37
37016,Azay-sur-Indre,0,37
37018,Ballan-Miré,0,37
37020,Beaulieu-lès-Loches,0,37
37023,Beaumont-Village,1,37
37027,Bléré,0,37
37039,Bridoré,0,37
37038,Bréhémont,0,37
37042,Candes-Saint-Martin,0,37
37049,Chambourg-sur-Indre,0,37
37058,Chapelle-sur-Loire,0,37
37060,Chargé,0,37
37064,Chaumussay,1,37
37069,Chemillé-sur-Indrois,1,37
37073,Chisseaux,0,37
37066,Chédigny,0,37
37079,Civray-de-Touraine,0,37
37083,Cormery,0,37
37085,Courçay,0,37
37091,Croix-en-Touraine,0,37
37096,Dierre,0,37
37097,Dolus-le-Sec,1,37
37104,Esvres,0,37
37110,Francueil,0,37
37111,Genillé,0,37
37113,Grand-Pressigny,1,37
37132,Loches,0,37
37154,Montbazon,0,37
37156,Montlouis-sur-Loire,0,37
37157,Montrésor,2,37
37159,Monts,0,37
37177,Orbigny,1,37
37183,Perrusson,0,37
37192,Reignac-sur-Indre,0,37
37197,Rigny-Ussé,0,37
37200,Rivarennes,0,37
37205,Saché,0,37
37221,Saint-Hippolyte,0,37
37222,Saint-Jean-Saint-Germain,0,37
37225,Saint-Martin-le-Beau,0,37
37234,Saint-Quentin-sur-Indrois,0,37
37236,Saint-Règle,1,37
37252,Souvigny-de-Touraine,1,37
37258,Thizay,0,37
37259,Tournon-Saint-Pierre,1,37
37263,Truyes,0,37
37272,Villandry,0,37
37277,Villeloin-Coulangé,2,37
37267,Véretz,0,37
41002,Angé,0,41
41006,Autainville,1,41
41008,Avaray,0,41
41009,Averdon,1,41
41013,Bauzy,1,41
41015,Beauvilliers,1,41
41016,Billy,0,41
41018,Blois,0,41
41020,Bonneveau,1,41
41025,Bracieux,2,41
41027,Briou,1,41
41029,Candé-sur-Beuvron,0,41
41031,Cellettes,1,41
41032,Chailles,0,41
41033,Chambon-sur-Cisse,1,41
41034,Chambord,1,41
41035,Champigny-en-Beauce,1,41
41036,Chaon,1,41
41038,Chapelle-Montmartin,0,41
41040,Chapelle-Vendômoise,1,41
41046,Chaumont-sur-Tharonne,2,41
41047,Chaussée-Saint-Victor,0,41
41050,Cheverny,1,41
41051,Chissay-en-Touraine,0,41
41052,Chitenay,1,41
41055,Chouzy-sur-Cisse,0,41
41042,Châteauvieux,2,41
41043,Châtillon-sur-Cher,0,41
41044,Châtres-sur-Cher,0,41
41049,Chémery,1,41
41058,Concriers,1,41
41059,Contres,1,41
41061,Cormeray,1,41
41063,Couffy,0,41
41064,Coulanges,1,41
41065,Coulommiers-la-Tour,1,41
41067,Cour-Cheverny,1,41
41069,Cour-sur-Loire,0,41
41066,Courbouzon,1,41
41068,Courmemin,1,41
41071,Crouy-sur-Cosson,2,41
41074,Dhuizon,1,41
41080,Faverolles-sur-Cher,0,41
41081,Faye,1,41
41082,Feings,1,41
41084,Ferté-Imbault,0,41
41085,Ferté-Saint-Cyr,2,41
41086,Fontaines-en-Sologne,1,41
41092,Fougères-sur-Bièvre,2,41
41093,Françay,1,41
41094,Fresnes,1,41
41097,Gièvres,0,41
41099,Gy-en-Sologne,0,41
41101,Herbault,1,41
41104,Huisseau-sur-Cosson,2,41
41105,Josnes,1,41
41106,Lamotte-Beuvron,1,41
41108,Lancôme,1,41
41109,Landes-le-Gaulois,1,41
41110,Langon,0,41
41114,Lestiou,0,41
41115,Lignières,0,41
41118,Loreux,0,41
41119,Lorges,1,41
41122,Maray,0,41
41123,Marchenoir,1,41
41126,Mareuil-sur-Cher,0,41
41128,Marolles,1,41
41129,Maslives,0,41
41130,Maves,1,41
41134,Menars,0,41
41135,Mennetou-sur-Cher,0,41
41136,Mer,0,41
41139,Meusnes,0,41
41140,Millançay,1,41
41150,Mont-près-Chambord,1,41
41144,Monteaux,0,41
41145,Monthou-sur-Bièvre,1,41
41146,Monthou-sur-Cher,0,41
41147,Montils,1,41
41148,Montlivault,0,41
41152,Montrieux-en-Sologne,1,41
41154,Morée,0,41
41155,Muides-sur-Loire,0,41
41156,Mulsans,1,41
41159,Neung-sur-Beuvron,2,41
41160,Neuvy,1,41
41161,Nouan-le-Fuzelier,1,41
41164,Noyers-sur-Cher,0,41
41167,Onzain,0,41
41170,Ouchamps,2,41
41171,Oucques,1,41
41176,Pierrefitte-sur-Sauldre,0,41
41180,Pontlevoy,0,41
41181,Pouillé,0,41
41182,Pray,1,41
41185,Pruniers-en-Sologne,0,41
41194,Romorantin-Lanthenay,0,41
41198,Saint-Aignan,0,41
41199,Saint-Amand-Longpré,1,41
41203,Saint-Bohaire,1,41
41206,Saint-Denis-sur-Loire,0,41
41207,Saint-Dyé-sur-Loire,0,41
41211,Saint-Georges-sur-Cher,0,41
41212,Saint-Gervais-la-Forêt,0,41
41217,Saint-Julien-de-Chédon,0,41
41218,Saint-Julien-sur-Cher,0,41
41219,Saint-Laurent-des-Bois,1,41
41220,Saint-Laurent-Nouan,0,41
41222,Saint-Loup,0,41
41223,Saint-Lubin-en-Vergonnois,1,41
41221,Saint-Léonard-en-Beauce,1,41
41229,Saint-Romain-sur-Cher,0,41
41230,Saint-Sulpice-de-Pommeray,1,41
41231,Saint-Viâtre,1,41
41210,Sainte-Gemmes,1,41
41232,Salbris,0,41
41233,Sambin,1,41
41234,Santenay,1,41
41235,Sargé-sur-Braye,1,41
41237,Sassay,1,41
41239,Seigy,0,41
41240,Seillac,1,41
41241,Selles-Saint-Denis,0,41
41243,Selommes,1,41
41246,Seur,1,41
41247,Soings-en-Sologne,1,41
41249,Souesmes,0,41
41251,Souvigny-en-Sologne,1,41
41252,Suèvres,0,41
41253,Talcy,1,41
41256,Theillay,1,41
41257,Thenay,0,41
41260,Thoury,1,41
41258,Thésée,0,41
41262,Tour-en-Sologne,2,41
41267,Vallières-les-Grandes,1,41
41271,Vernou-en-Sologne,1,41
41272,Veuves,0,41
41273,Vievy-le-Rayé,1,41
41280,Villefranche-sur-Cher,0,41
41282,Villeherviers,0,41
41283,Villemardy,1,41
41289,Villermain,1,41
41291,Villetrun,1,41
41292,Villexanton,1,41
41295,Vineuil,0,41
41296,Vouzon,1,41
45004,Amilly,0,45
45006,Ardon,1,45
45008,Artenay,1,45
45009,Aschères-le-Marché,1,45
45011,Attray,1,45
45014,Aulnay-la-Rivière,0,45
45017,Auvilliers-en-Gâtinais,1,45
45018,Auxy,2,45
45020,Bardon,1,45
45022,Batilly-en-Gâtinais,2,45
45024,Baule,0,45
45025,Bazoches-les-Gallerandes,1,45
45027,Beauchamps-sur-Huillard,2,45
45028,Beaugency,0,45
45030,Beaune-la-Rolande,2,45
45031,Bellegarde,2,45
45032,Bignon-Mirabeau,1,45
45034,Boigny-sur-Bionne,1,45
41151,Montrichard,0,41
41178,Plessis-l'Echelle,1,41
45035,Boiscommun,2,45
45036,Boismorand,1,45
45039,Bonnée,0,45
45042,Bordes,0,45
45043,Bou,0,45
45045,Bouilly-en-Gâtinais,1,45
45046,Boulay-les-Barres,1,45
45047,Bouzonville-aux-Bois,1,45
45049,Bouzy-la-Forêt,1,45
45033,Boësses,1,45
45051,Bray-en-Val,0,45
45054,Briarres-sur-Essonne,0,45
45055,Bricy,1,45
45058,Bucy-le-Roi,1,45
45060,Bussière,1,45
45061,Cepoy,0,45
45062,Cercottes,1,45
45063,Cerdon,1,45
45066,Chailly-en-Gâtinais,1,45
45067,Chaingy,0,45
45072,Chanteau,1,45
45073,Chantecoq,1,45
45074,Chapelle-Onzerain,1,45
45075,Chapelle-Saint-Mesmin,0,45
45076,Chapelle-Saint-Sépulcre,1,45
45077,Chapelle-sur-Aveyron,2,45
45078,Chapelon,1,45
45088,Chaussy,1,45
45091,Chevannes,1,45
45092,Chevillon-sur-Huillard,1,45
45093,Chevilly,1,45
45094,Chevry-sous-le-Bignon,1,45
45095,Chilleurs-aux-Bois,1,45
45097,Chuelles,1,45
45068,Châlette-sur-Loing,0,45
45083,Château-Renard,0,45
45082,Châteauneuf-sur-Loire,0,45
45084,Châtenoy,2,45
45085,Châtillon-Coligny,0,45
45089,Chécy,0,45
45098,Cléry-Saint-André,0,45
45099,Coinces,1,45
45101,Combreux,1,45
45102,Conflans-sur-Loing,0,45
45103,Corbeilles,2,45
45104,Corquilleroy,0,45
45105,Cortrat,1,45
45107,Coudroy,2,45
45108,Coullons,1,45
45109,Coulmiers,1,45
45112,Cour-Marigny,1,45
45110,Courcelles,1,45
45111,Courcy-aux-Loges,1,45
45113,Courtemaux,1,45
45114,Courtempierre,1,45
45115,Courtenay,1,45
45118,Crottes-en-Pithiverais,1,45
45119,Dadonville,1,45
45122,Dampierre-en-Burly,0,45
45123,Darvoy,0,45
45125,Dimancheville,0,45
45126,Donnery,2,45
45130,Dry,0,45
45136,Ervauville,1,45
45137,Escrennes,1,45
45138,Escrignelles,1,45
45139,Estouy,1,45
45141,Faverelles,1,45
45142,Fay-aux-Loges,1,45
45145,Ferrières-en-Gâtinais,0,45
45146,Ferté-Saint-Aubin,2,45
45147,Fleury-les-Aubrais,1,45
45148,Fontenay-sur-Loing,0,45
45149,Foucherolles,1,45
45144,Férolles,0,45
45151,Gaubertin,1,45
45154,Gidy,1,45
45155,Gien,0,45
45156,Girolles,0,45
45158,Gondreville,1,45
45160,Greneville-en-Beauce,1,45
45161,Griselles,1,45
45164,Guilly,0,45
45165,Gy-les-Nonains,0,45
45152,Gémigny,1,45
45167,Huisseau-sur-Mauves,1,45
45168,Ingrannes,1,45
45169,Ingré,0,45
45171,Isdes,1,45
45173,Jargeau,0,45
45174,Jouy-en-Pithiverais,1,45
45175,Jouy-le-Potier,1,45
45176,Juranville,2,45
45178,Ladon,2,45
45180,Langesse,1,45
45182,Ligny-le-Ribault,2,45
45184,Lion-en-Sullias,0,45
45186,Lorcy,2,45
45187,Lorris,1,45
45189,Louzouer,1,45
45193,Marcilly-en-Villette,0,45
45194,Mardié,0,45
45195,Mareau-aux-Bois,1,45
45196,Mareau-aux-Prés,0,45
45197,Marigny-les-Usages,1,45
45202,Messas,1,45
45203,Meung-sur-Loire,0,45
45207,Mignerette,1,45
45206,Mignères,1,45
45208,Montargis,0,45
45209,Montbarrois,2,45
45210,Montbouy,0,45
45212,Montcresson,0,45
45213,Montereau,1,45
45214,Montigny,1,45
45215,Montliard,2,45
45216,Mormant-sur-Vernisson,1,45
45218,Moulinet-sur-Solin,1,45
45219,Moulon,1,45
45200,Ménestreau-en-Villette,1,45
45201,Mérinville,1,45
45205,Mézières-en-Gâtinais,2,45
45204,Mézières-lez-Cléry,1,45
45220,Nancray-sur-Rimarde,1,45
45222,Nargis,0,45
45223,Nesploy,1,45
45224,Neuville-aux-Bois,1,45
45225,Neuville-sur-Essonne,0,45
45226,Neuvy-en-Sullias,0,45
45228,Nibelle,1,45
45229,Nogent-sur-Vernisson,2,45
45230,Noyers,3,45
45232,Olivet,0,45
45234,Orléans,0,45
45235,Ormes,1,45
45237,Orville,0,45
45239,Oussoy-en-Gâtinais,1,45
45241,Ouvrouer-les-Champs,0,45
45129,Douchy,0,45
45242,Ouzouer-des-Champs,1,45
45243,Ouzouer-sous-Bellegarde,2,45
45244,Ouzouer-sur-Loire,0,45
45245,Ouzouer-sur-Trézée,1,45
45247,Pannes,0,45
45248,Patay,1,45
45250,Pers-en-Gâtinais,1,45
45252,Pithiviers,1,45
45253,Pithiviers-le-Vieil,1,45
45254,Poilly-lez-Gien,0,45
45256,Presnoy,2,45
45257,Pressigny-les-Pins,1,45
45258,Puiseaux,0,45
45259,Quiers-sur-Bézonde,3,45
45261,Rebréchien,1,45
45264,Rozières-en-Beauce,1,45
45265,Rozoy-le-Vieil,1,45
45266,Ruan,1,45
45267,Saint-Aignan-des-Gués,0,45
45268,Saint-Aignan-le-Jaillard,0,45
45269,Saint-Ay,0,45
45270,Saint-Benoît-sur-Loire,0,45
45271,Saint-Brisson-sur-Loire,0,45
45272,Saint-Cyr-en-Val,0,45
45273,Saint-Denis-de-l'Hôtel,0,45
45274,Saint-Denis-en-Val,0,45
45275,Saint-Firmin-des-Bois,1,45
45277,Saint-Florent,1,45
45279,Saint-Germain-des-Prés,0,45
45280,Saint-Gondon,0,45
45281,Saint-Hilaire-les-Andrésis,1,45
45282,Saint-Hilaire-Saint-Mesmin,0,45
45283,Saint-Hilaire-sur-Puiseaux,1,45
45284,Saint-Jean-de-Braye,0,45
45285,Saint-Jean-de-la-Ruelle,0,45
45286,Saint-Jean-le-Blanc,0,45
45287,Saint-Loup-de-Gonois,1,45
45289,Saint-Lyé-la-Forêt,1,45
45290,Saint-Martin-d'Abbat,0,45
45292,Saint-Maurice-sur-Aveyron,1,45
45293,Saint-Maurice-sur-Fessard,2,45
45294,Saint-Michel,1,45
45298,Saint-Pryvé-Saint-Mesmin,0,45
45299,Saint-Sigismond,1,45
45278,Sainte-Geneviève-des-Bois,0,45
45300,Sandillon,0,45
45301,Santeau,1,45
45302,Saran,1,45
45303,Sceaux-du-Gâtinais,1,45
45306,Selle-en-Hermoy,1,45
45307,Selle-sur-le-Bied,1,45
45308,Semoy,1,45
45311,Sigloy,0,45
45314,Sully-la-Chapelle,1,45
45315,Sully-sur-Loire,0,45
45316,Sury-aux-Bois,1,45
45317,Tavers,0,45
45321,Thimory,1,45
45322,Thorailles,1,45
45324,Tigy,0,45
45325,Tivernon,1,45
45329,Triguères,0,45
45330,Trinay,1,45
45331,Vannes-sur-Cosson,1,45
45333,Vennecy,1,45
45335,Vienne-en-Val,0,45
45336,Viglain,1,45
45338,Villemandeur,0,45
45339,Villemoutiers,2,45
45340,Villemurlin,1,45
45342,Villereau,1,45
45343,Villevoques,1,45
45344,Villorceau,1,45
45345,Vimory,1,45
45346,Vitry-aux-Loges,1,45
45348,Yèvre-la-Ville,1,45
54018,Anoux,1,54
54082,Boncourt,0,54
54099,Briey,1,54
54136,Conflans-en-Jarnisy,0,54
54253,Hatrize,0,54
54277,Jeandelize,0,54
54341,Mance,1,54
54408,Olley,0,54
54440,Puxe,0,54
54533,Trieux,3,54
54536,Tucquegnieux,1,54
54542,Valleroy,0,54
55094,Buzy-Darmont,0,55
55222,Gussainville,0,55
55400,Parfondrupt,0,55
55458,Saint-Jean-lès-Buzy,0,55
55578,Warcq,0,55
57226,Fontoy,1,57
57323,Hettange-Grande,1,57
57411,Lommerange,1,57
57441,Manom,0,57
57491,Moyeuvre-Grande,0,57
57492,Moyeuvre-Petite,1,57
57557,Puttelange-lès-Thionville,1,57
57666,Terville,2,57
57672,Thionville,0,57
72035,Bessé-sur-Braye,1,72
72046,Breil-sur-Mérize,1,72
72052,Chahaignes,0,72
72053,Challes,1,72
72103,Courdemanche,1,72
72115,Dissay-sous-Courcillon,0,72
72187,Marigné-Laillé,1,72
72200,Moncé-en-Belin,1,72
72203,Montabon,0,72
72241,Montfort-le-Gesnois,0,72
72210,Montreuil-le-Henri,1,72
72260,Ruaudin,1,72
72269,Saint-Calais,1,72
72279,Saint-Georges-de-la-Couée,1,72
72287,Saint-Gervais-en-Belin,1,72
72299,Saint-Mars-d'Outillé,1,72
72310,Saint-Pavace,0,72
72314,Saint-Pierre-du-Lorouër,1,72
72325,Saint-Vincent-du-Lorouër,1,72
72304,Sainte-Osmane,1,72
72368,Vancé,1,72
75056,Paris,0,75
77002,Amillis,1,77
77014,Avon,0,77
77016,Bagneaux-sur-Loing,0,77
77026,Beauchery-Saint-Martin,1,77
77027,Beaumont-du-Gâtinais,1,77
77030,Bellot,0,77
77032,Beton-Bazoches,1,77
77033,Bezalles,1,77
72231,Parigné-l'Evêque,1,72
77034,Blandy,1,77
77038,Boissettes,0,77
77039,Boissise-la-Bertrand,0,77
77040,Boissise-le-Roi,0,77
77043,Boitron,0,77
77044,Bombon,1,77
77046,Boulancourt,0,77
77048,Bourron-Marlotte,0,77
77049,Boutigny,1,77
77050,Bransles,1,77
77060,Buthiers,0,77
77069,Chailly-en-Bière,1,77
77070,Chailly-en-Brie,0,77
77071,Chaintreaux,1,77
77079,Champagne-sur-Seine,0,77
77080,Champcenest,1,77
77085,Chanteloup-en-Brie,1,77
77093,Chapelle-Moutils,0,77
77096,Chartrettes,0,77
77097,Chartronges,1,77
77106,Chauffry,0,77
77109,Chenoise,1,77
77115,Chevry-en-Sereine,1,77
77116,Choisy-en-Brie,1,77
77099,Château-Landon,0,77
77100,Châtelet-en-Brie,1,77
77103,Châtillon-la-Borde,1,77
77121,Collégien,1,77
77122,Combs-la-Ville,0,77
77131,Coulommiers,0,77
77137,Courtacon,1,77
77147,Croix-en-Brie,1,77
77148,Crouy-sur-Ourcq,1,77
77149,Cucharmoy,1,77
77065,Cély,1,77
77151,Dagny,1,77
77152,Dammarie-les-Lys,0,77
77156,Darvault,0,77
77158,Diant,1,77
77161,Dormelles,1,77
77174,Everly,1,77
77177,Favières,1,77
77178,Faÿ-lès-Nemours,1,77
77182,Ferté-Gaucher,0,77
77188,Fontaine-le-Port,0,77
77191,Fontenailles,1,77
77179,Féricy,1,77
77202,Genevraye,0,77
77208,Gouaix,1,77
77210,Grande-Paroisse,0,77
77211,Grandpuits-Bailly-Carrois,1,77
77216,Grez-sur-Loing,0,77
77223,Gurcy-le-Châtel,1,77
77228,Hondevilliers,1,77
77226,Héricy,0,77
77239,Jouy-le-Châtel,1,77
77240,Jouy-sur-Morin,0,77
77247,Lescherolles,0,77
77255,Livry-sur-Seine,0,77
77261,Lorrez-le-Bocage-Préaux,1,77
77249,Lésigny,1,77
77266,Machault,1,77
77267,Madeleine-sur-Loing,0,77
77287,Meilleray,0,77
77288,Melun,0,77
77302,Montcourt-Fromonville,0,77
77303,Montdauphin,0,77
77305,Montereau-Fault-Yonne,0,77
77312,Montigny-sur-Loing,0,77
77307,Montévrain,0,77
77285,Mée-sur-Seine,0,77
77326,Nandy,0,77
77328,Nanteau-sur-Essonne,0,77
77329,Nanteau-sur-Lunain,1,77
77333,Nemours,0,77
77336,Neufmoutiers-en-Brie,1,77
77340,Nonville,1,77
77359,Perthes,1,77
77370,Poligny,1,77
77373,Pontault-Combault,1,77
77378,Pringy,1,77
77379,Provins,1,77
77357,Pécy,1,77
77389,Rochette,0,77
77398,Sablonnières,0,77
77399,Saint-Ange-le-Viel,1,77
77402,Saint-Barthélemy,1,77
77403,Saint-Brice,1,77
77405,Saint-Cyr-sur-Morin,0,77
77406,Saint-Denis-lès-Rebais,1,77
77407,Saint-Fargeau-Ponthierry,0,77
77414,Saint-Hilliers,1,77
77416,Saint-Just-en-Brie,1,77
77419,Saint-Mammès,0,77
77424,Saint-Martin-du-Boschet,1,77
77431,Saint-Pierre-lès-Nemours,0,77
77436,Saint-Siméon,0,77
77433,Saints,1,77
77441,Samois-sur-Seine,0,77
77442,Samoreau,0,77
77445,Savigny-le-Temple,1,77
77447,Seine-Port,0,77
77453,Sivry-Courtry,1,77
77454,Sognolles-en-Montois,1,77
77456,Soisy-Bouy,1,77
77458,Souppes-sur-Loing,0,77
77463,Thomery,0,77
77464,Thorigny-sur-Marne,0,77
77465,Thoury-Férottes,1,77
77468,Torcy,0,77
77473,Treuzy-Levelay,1,77
77472,Trétoire,0,77
77486,Vaudoy-en-Brie,1,77
77487,Vaux-le-Pénil,0,77
77489,Vaux-sur-Lunain,1,77
77491,Veneux-les-Sablons,0,77
77492,Verdelot,0,77
77494,Vernou-la-Celle-sur-Seine,0,77
77496,Vieux-Champagne,0,77
77500,Villebéon,1,77
77501,Villecerf,1,77
77504,Villemaréchal,1,77
77512,Villeneuve-sur-Bellot,0,77
77517,Villevaudé,1,77
77518,Villiers-en-Bière,1,77
77531,Voulx,1,77
77533,Vulaines-sur-Seine,0,77
78006,Adainville,0,78
78030,Auffargis,0,78
78034,Auteuil,1,78
78057,Bennecourt,0,78
78062,Beynes,0,78
77169,Emerainville,1,77
77175,Evry-Grégy-sur-Yerre,0,77
77316,Moret-Loing et Orvanne,0,77
77435,Saint-Sauveur-sur-Ecole,1,77
78073,Bois-d'Arcy,1,78
78096,Bourdonné,0,78
78160,Chevreuse,0,78
78162,Choisel,0,78
78163,Civry-la-Forêt,0,78
78168,Coignières,0,78
78171,Condé-sur-Vesgre,0,78
78206,Ecquevilly,0,78
78230,Falaise,0,78
78251,Fourqueux,0,78
78263,Gambais,0,78
78265,Garancières,0,78
78269,Gazeran,0,78
78291,Guerville,0,78
78300,Hargeville,0,78
78302,Hauteville,1,78
78307,Hermeray,0,78
78310,Houdan,0,78
78327,Juziers,0,78
78349,Longvilliers,0,78
78350,Louveciennes,0,78
78358,Maisons-Laffitte,0,78
78366,Mareil-le-Guyon,0,78
78368,Mareil-sur-Mauldre,0,78
78380,Maule,0,78
78381,Maulette,0,78
78383,Maurepas,0,78
78397,Mesnil-Saint-Denis,1,78
78415,Montainville,0,78
78420,Montfort-l'Amaury,0,78
78431,Morainvilliers,0,78
78451,Nézel,0,78
78465,Orgerus,0,78
78474,Orvilliers,0,78
78497,Poigny-la-Forêt,0,78
78516,Raizeux,0,78
78517,Rambouillet,0,78
78518,Rennemoulin,0,78
78548,Saint-Forget,0,78
78550,Saint-Germain-de-la-Grange,0,78
78551,Saint-Germain-en-Laye,0,78
78557,Saint-Hilarion,0,78
78561,Saint-Lambert,1,78
78590,Senlisse,0,78
78601,Sonchamp,0,78
78653,Vicq,0,78
78672,Villennes-sur-Seine,0,78
78683,Villiers-Saint-Frédéric,0,78
78640,Vélizy-Villacoublay,1,78
89018,Armeau,0,89
89031,Beaumont,0,89
89051,Bordes,1,89
89061,Butteaux,0,89
89063,Celle-Saint-Cyr,1,89
89096,Chemilly-sur-Yonne,0,89
89142,Dixmont,1,89
89163,Ferté-Loupière,1,89
89198,Gurgy,0,89
89326,Rosoy,0,89
89345,Saint-Florentin,0,89
89348,Saint-Julien-du-Sault,0,89
89353,Saint-Martin-d'Ordon,1,89
89440,Verlin,1,89
89452,Villecien,0,89
89464,Villeneuve-sur-Yonne,0,89
91027,Athis-Mons,0,91
91037,Auvernaux,1,91
91041,Avrainville,1,91
91064,Bièvres,1,91
91080,Boissy-le-Cutté,1,91
91081,Boissy-le-Sec,1,91
91085,Boissy-sous-Saint-Yon,1,91
91095,Bouray-sur-Juine,1,91
91097,Boussy-Saint-Antoine,0,91
91098,Boutervilliers,1,91
91099,Boutigny-sur-Essonne,0,91
91105,Breuillet,0,91
91106,Breux-Jouy,0,91
91115,Bruyères-le-Châtel,0,91
91121,Buno-Bonnevaux,0,91
91122,Bures-sur-Yvette,0,91
91129,Cerny,0,91
91130,Chalo-Saint-Mars,1,91
91132,Chamarande,1,91
91135,Champcueil,1,91
91136,Champlan,0,91
91156,Cheptainville,1,91
91159,Chevannes,1,91
91174,Corbeil-Essonnes,0,91
91179,Coudray-Montceaux,0,91
91184,Courdimanche-sur-Essonne,0,91
91191,Crosne,0,91
91195,Dannemois,1,91
91200,Dourdan,0,91
91201,Draveil,0,91
91232,Ferté-Alais,0,91
91244,Fontenay-le-Vicomte,0,91
91272,Gif-sur-Yvette,0,91
91273,Gironville-sur-Essonne,0,91
91293,Guigneville-sur-Essonne,0,91
91312,Igny,1,91
91315,Itteville,0,91
91318,Janville-sur-Juine,1,91
91326,Juvisy-sur-Orge,0,91
91330,Lardy,1,91
91332,Leudeville,2,91
91345,Longjumeau,0,91
91376,Marolles-en-Hurepoix,1,91
91378,Mauchamps,1,91
91386,Mennecy,0,91
91405,Milly-la-Forêt,1,91
91421,Montgeron,0,91
91433,Morigny-Champigny,1,91
91434,Morsang-sur-Orge,0,91
91435,Morsang-sur-Seine,0,91
91461,Ollainville,0,91
91468,Ormoy,0,91
91471,Orsay,0,91
91477,Palaiseau,0,91
91514,Quincy-sous-Sénart,0,91
91521,Ris-Orangis,0,91
91540,Saint-Chéron,0,91
91553,Saint-Germain-lès-Corbeil,0,91
91556,Saint-Hilaire,1,91
91568,Saint-Maurice-Montcouronne,1,91
91573,Saint-Pierre-du-Perray,0,91
91579,Saint-Vrain,1,91
91581,Saint-Yon,0,91
91577,Saintry-sur-Seine,0,91
89086,Charny,2,89
91204,Echarcon,0,91
91216,Epinay-sur-Orge,0,91
91225,Etiolles,0,91
91228,Evry,0,91
91223,Etampes,3,91
91226,Etréchy,1,91
89186,Germiny,0,89
78401,Meulan,0,78
91589,Savigny-sur-Orge,0,91
91593,Sermaise,0,91
,Soisy-sur-Ecole,1,91
91600,Soisy-sur-Seine,0,91
91630,Val-Saint-Germain,1,91
91639,Vayres-sur-Essonne,0,91
91648,Vert-le-Grand,1,91
91654,Videlles,2,91
91657,Vigneux-sur-Seine,0,91
91661,Villebon-sur-Yvette,0,91
91662,Villeconin,1,91
91679,Villiers-le-Bâcle,1,91
91685,Villiers-sur-Orge,0,91
91687,Viry-Châtillon,0,91
91691,Yerres,0,91
92063,Rueil-Malmaison,0,92
93066,Saint-Denis,0,93
94001,Ablon-sur-Seine,0,94
94017,Champigny-sur-Marne,0,94
94019,Chennevières-sur-Marne,0,94
94022,Choisy-le-Roi,0,94
94041,Ivry-sur-Seine,0,94
94055,Ormesson-sur-Marne,0,94
94070,Santeny,0,94
94071,Sucy-en-Brie,0,94
94077,Villeneuve-le-Roi,0,94
94078,Villeneuve-Saint-Georges,0,94
94081,Vitry-sur-Seine,0,94
78077,Boissière-Ecole,0,78
77168,Egreville,1,77
45132,Egry,1,45
41077,Epiais,1,41
55181,Etain,0,55
78224,Etang-la-Ville,2,78
93039,Ile-Saint-Denis,0,93
41173,Ouzouer-le-Marché,1,41
72248,Pruillé-l'Eguillé,1,72
77412,Saint-Germain-sur-Ecole,1,77
75101,Paris 01,0,75
75102,Paris 02,0,75
75103,Paris 03,0,75
75104,Paris 04,0,75
75105,Paris 05,0,75
75106,Paris 06,0,75
75107,Paris 07,0,75
75108,Paris 08,0,75
75109,Paris 09,0,75
75110,Paris 10,0,75
75111,Paris 11,0,75
75112,Paris 12,0,75
75113,Paris 13,0,75
75114,Paris 14,0,75
75115,Paris 15,0,75
75116,Paris 16,0,75
75117,Paris 17,0,75
75118,Paris 18,,75
75119,Paris 19,,75
75120,Paris 20,,75
